-- Insert sample StarkNet blocks
INSERT INTO starknet_blocks (block_number, block_hash, parent_hash, timestamp, transaction_count, gas_used, gas_limit, sequencer_address) VALUES
(847392, '0x1a2b3c4d5e6f7890abcdef1234567890abcdef1234567890abcdef1234567890', '0x0a1b2c3d4e5f6789abcdef1234567890abcdef1234567890abcdef1234567890', NOW() - INTERVAL '12 seconds', 156, 12456789, 15000000, '0x742d35Cc6634C0532925a3b8D4C0532925a3b8D4'),
(847391, '0x2b3c4d5e6f7890abcdef1234567890abcdef1234567890abcdef1234567890ab', '0x1a2b3c4d5e6f7890abcdef1234567890abcdef1234567890abcdef1234567890', NOW() - INTERVAL '24 seconds', 203, 13567890, 15000000, '0x853d46Dd7635D7532925a3b8D4C0532925a3b8D4'),
(847390, '0x3c4d5e6f7890abcdef1234567890abcdef1234567890abcdef1234567890abcd', '0x2b3c4d5e6f7890abcdef1234567890abcdef1234567890abcdef1234567890ab', NOW() - INTERVAL '36 seconds', 178, 11234567, 15000000, '0x964e57Ee8746E6532925a3b8D4C0532925a3b8D4'),
(847389, '0x4d5e6f7890abcdef1234567890abcdef1234567890abcdef1234567890abcde', '0x3c4d5e6f7890abcdef1234567890abcdef1234567890abcdef1234567890abcd', NOW() - INTERVAL '48 seconds', 134, 9876543, 15000000, '0xa75e68Ff9746E6532925a3b8D4C0532925a3b8D4'),
(847388, '0x5e6f7890abcdef1234567890abcdef1234567890abcdef1234567890abcdef', '0x4d5e6f7890abcdef1234567890abcdef1234567890abcdef1234567890abcde', NOW() - INTERVAL '60 seconds', 189, 14523678, 15000000, '0xb86f79Gg0857F7643036a4b8D4C0532925a3b8D4')
ON CONFLICT (block_number) DO NOTHING;

-- Insert sample StarkNet transactions
INSERT INTO starknet_transactions (transaction_hash, block_number, from_address, to_address, value_wei, gas_used, gas_price, status, transaction_type, timestamp) VALUES
('0x1a2b3c4d5e6f7890abcdef1234567890abcdef1234567890abcdef1234567890', 847392, '0x742d35Cc6634C0532925a3b8D4C0532925a3b8D4', '0x8ba1f109551bD432803012645Hac136c22c177', '1234000000000000000', 21000, 1000000000, 'SUCCESS', 'TRANSFER', NOW() - INTERVAL '2 minutes'),
('0x2b3c4d5e6f7890abcdef1234567890abcdef1234567890abcdef1234567890ab', 847391, '0x853d46Dd7635D7532925a3b8D4C0532925a3b8D4', '0x9cb2f209661cE542813022645Hac136c22c188', '567000000000000000', 45000, 1200000000, 'SUCCESS', 'CONTRACT_CALL', NOW() - INTERVAL '3 minutes'),
('0x3c4d5e6f7890abcdef1234567890abcdef1234567890abcdef1234567890abcd', 847390, '0x964e57Ee8746E6532925a3b8D4C0532925a3b8D4', '0xadc3f309772dF652824033645Hac136c22c199', '2891000000000000000', 67000, 1100000000, 'FAILED', 'SWAP', NOW() - INTERVAL '5 minutes'),
('0x4d5e6f7890abcdef1234567890abcdef1234567890abcdef1234567890abcde', 847389, '0xa75e68Ff9746E6532925a3b8D4C0532925a3b8D4', '0xbef4g410883eF763935044756Hac136c22c200', '123000000000000000', 32000, 950000000, 'SUCCESS', 'TRANSFER', NOW() - INTERVAL '7 minutes'),
('0x5e6f7890abcdef1234567890abcdef1234567890abcdef1234567890abcdef', 847388, '0xb86f79Gg0857F7643036a4b8D4C0532925a3b8D4', NULL, '5678000000000000000', 78000, 1300000000, 'SUCCESS', 'CONTRACT_DEPLOYMENT', NOW() - INTERVAL '10 minutes')
ON CONFLICT (transaction_hash) DO NOTHING;

-- Insert sample StarkNet contracts
INSERT INTO starknet_contracts (contract_address, contract_name, contract_type, is_verified, total_value_locked, transaction_count_24h, volume_24h) VALUES
('0x742d35Cc6634C0532925a3b8D4C0532925a3b8D4', 'StarkSwap Router', 'DEX', true, '45600000000000000000000000', 15234, '2340000000000000000000000'),
('0x853d46Dd7635D7532925a3b8D4C0532925a3b8D4', 'zkLend Protocol', 'LENDING', true, '78900000000000000000000000', 8967, '1890000000000000000000000'),
('0x964e57Ee8746E6532925a3b8D4C0532925a3b8D4', 'Starknet Bridge', 'BRIDGE', true, '123400000000000000000000000', 5432, '5670000000000000000000000'),
('0xa75e68Ff9746E6532925a3b8D4C0532925a3b8D4', 'StarkVault', 'VAULT', false, '34500000000000000000000000', 3245, '1230000000000000000000000'),
('0xb86f79Gg0857F7643036a4b8D4C0532925a3b8D4', 'StarkNFT Marketplace', 'NFT', true, '12300000000000000000000000', 2156, '890000000000000000000000')
ON CONFLICT (contract_address) DO NOTHING;

-- Insert sample StarkNet tokens
INSERT INTO starknet_tokens (contract_address, symbol, name, decimals, price_usd, price_change_24h, volume_24h, market_cap, holder_count, total_supply) VALUES
('0x049d36570d4e46f48e99674bd3fcc84644ddd6b96f7c741b1562b82f9e004dc7', 'ETH', 'Ethereum', 18, 2340.56, 2.34, '45600000000000000000000000', '281000000000000000000000000000', 234567, '120000000000000000000000000'),
('0x04718f5a0fc34cc1af16a1cdee98ffb20c31f5cd61d6ab07201858f4287c938d', 'STRK', 'Starknet Token', 18, 1.23, -1.45, '12300000000000000000000000', '1230000000000000000000000000', 89012, '10000000000000000000000000000'),
('0x053c91253bc9682c04929ca02ed00b3e423f6710d2ee7e0d5ebb06f3ecf368a8', 'USDC', 'USD Coin', 6, 1.0, 0.01, '78900000000000000000000000', '32100000000000000000000000000', 156789, '32100000000000000000000000000'),
('0x068f5c6a61780768455de69077e07e89787839bf8166decfbf92b645209c0fb8', 'USDT', 'Tether', 6, 1.0, 0.02, '67800000000000000000000000', '29800000000000000000000000000', 145678, '29800000000000000000000000000'),
('0x00da114221cb83fa859dbdb4c44beeaa0bb37c7537ad5ae66fe5e0efd20e6eb3', 'DAI', 'Dai Stablecoin', 18, 1.0, -0.01, '34500000000000000000000000', '5600000000000000000000000000', 78901, '5600000000000000000000000000')
ON CONFLICT (contract_address) DO NOTHING;
